batch	pos1	pos2	pos3	pos4	pos5	pos6	pos7	pos8	pos9	pos10
1	דחייה / גועל / מיאוס	חוק / פולחן / טהרה	רגש / יחסים / אהבה	עולם המתים	ספירה / זהות / אזכור של אדם	סכנה לחיים / הצלה / המתה	צורך גופני / רעב / צמא / שובע / תיאבון	תלות: חיים בידי אחר	התאוששות / מנוחה / ויסות	אחר
2	תלות: חיים בידי אחר	עולם המתים	חוק / פולחן / טהרה	צורך גופני / רעב / צמא / שובע / תיאבון	רגש / יחסים / אהבה	סכנה לחיים / הצלה / המתה	התאוששות / מנוחה / ויסות	דחייה / גועל / מיאוס	ספירה / זהות / אזכור של אדם	אחר
3	חוק / פולחן / טהרה	עולם המתים	סכנה לחיים / הצלה / המתה	רגש / יחסים / אהבה	תלות: חיים בידי אחר	ספירה / זהות / אזכור של אדם	צורך גופני / רעב / צמא / שובע / תיאבון	דחייה / גועל / מיאוס	התאוששות / מנוחה / ויסות	אחר
4	ספירה / זהות / אזכור של אדם	תלות: חיים בידי אחר	עולם המתים	התאוששות / מנוחה / ויסות	רגש / יחסים / אהבה	חוק / פולחן / טהרה	צורך גופני / רעב / צמא / שובע / תיאבון	סכנה לחיים / הצלה / המתה	דחייה / גועל / מיאוס	אחר
5	סכנה לחיים / הצלה / המתה	חוק / פולחן / טהרה	דחייה / גועל / מיאוס	עולם המתים	תלות: חיים בידי אחר	התאוששות / מנוחה / ויסות	צורך גופני / רעב / צמא / שובע / תיאבון	רגש / יחסים / אהבה	ספירה / זהות / אזכור של אדם	אחר
6	חוק / פולחן / טהרה	סכנה לחיים / הצלה / המתה	רגש / יחסים / אהבה	צורך גופני / רעב / צמא / שובע / תיאבון	התאוששות / מנוחה / ויסות	תלות: חיים בידי אחר	דחייה / גועל / מיאוס	עולם המתים	ספירה / זהות / אזכור של אדם	אחר
7	התאוששות / מנוחה / ויסות	דחייה / גועל / מיאוס	ספירה / זהות / אזכור של אדם	תלות: חיים בידי אחר	צורך גופני / רעב / צמא / שובע / תיאבון	סכנה לחיים / הצלה / המתה	רגש / יחסים / אהבה	חוק / פולחן / טהרה	עולם המתים	אחר
8	תלות: חיים בידי אחר	צורך גופני / רעב / צמא / שובע / תיאבון	התאוששות / מנוחה / ויסות	עולם המתים	ספירה / זהות / אזכור של אדם	חוק / פולחן / טהרה	רגש / יחסים / אהבה	דחייה / גועל / מיאוס	סכנה לחיים / הצלה / המתה	אחר
9	התאוששות / מנוחה / ויסות	עולם המתים	סכנה לחיים / הצלה / המתה	תלות: חיים בידי אחר	דחייה / גועל / מיאוס	רגש / יחסים / אהבה	ספירה / זהות / אזכור של אדם	חוק / פולחן / טהרה	צורך גופני / רעב / צמא / שובע / תיאבון	אחר
10	תלות: חיים בידי אחר	צורך גופני / רעב / צמא / שובע / תיאבון	רגש / יחסים / אהבה	חוק / פולחן / טהרה	סכנה לחיים / הצלה / המתה	עולם המתים	דחייה / גועל / מיאוס	ספירה / זהות / אזכור של אדם	התאוששות / מנוחה / ויסות	אחר
11	סכנה לחיים / הצלה / המתה	תלות: חיים בידי אחר	חוק / פולחן / טהרה	צורך גופני / רעב / צמא / שובע / תיאבון	דחייה / גועל / מיאוס	התאוששות / מנוחה / ויסות	ספירה / זהות / אזכור של אדם	עולם המתים	רגש / יחסים / אהבה	אחר
12	ספירה / זהות / אזכור של אדם	דחייה / גועל / מיאוס	סכנה לחיים / הצלה / המתה	רגש / יחסים / אהבה	תלות: חיים בידי אחר	צורך גופני / רעב / צמא / שובע / תיאבון	חוק / פולחן / טהרה	עולם המתים	התאוששות / מנוחה / ויסות	אחר
13	תלות: חיים בידי אחר	חוק / פולחן / טהרה	צורך גופני / רעב / צמא / שובע / תיאבון	דחייה / גועל / מיאוס	התאוששות / מנוחה / ויסות	עולם המתים	סכנה לחיים / הצלה / המתה	רגש / יחסים / אהבה	ספירה / זהות / אזכור של אדם	אחר
14	דחייה / גועל / מיאוס	רגש / יחסים / אהבה	חוק / פולחן / טהרה	התאוששות / מנוחה / ויסות	סכנה לחיים / הצלה / המתה	תלות: חיים בידי אחר	ספירה / זהות / אזכור של אדם	צורך גופני / רעב / צמא / שובע / תיאבון	עולם המתים	אחר
15	ספירה / זהות / אזכור של אדם	צורך גופני / רעב / צמא / שובע / תיאבון	דחייה / גועל / מיאוס	התאוששות / מנוחה / ויסות	חוק / פולחן / טהרה	עולם המתים	סכנה לחיים / הצלה / המתה	תלות: חיים בידי אחר	רגש / יחסים / אהבה	אחר
16	סכנה לחיים / הצלה / המתה	עולם המתים	חוק / פולחן / טהרה	תלות: חיים בידי אחר	ספירה / זהות / אזכור של אדם	דחייה / גועל / מיאוס	רגש / יחסים / אהבה	התאוששות / מנוחה / ויסות	צורך גופני / רעב / צמא / שובע / תיאבון	אחר
17	צורך גופני / רעב / צמא / שובע / תיאבון	ספירה / זהות / אזכור של אדם	דחייה / גועל / מיאוס	התאוששות / מנוחה / ויסות	רגש / יחסים / אהבה	סכנה לחיים / הצלה / המתה	תלות: חיים בידי אחר	חוק / פולחן / טהרה	עולם המתים	אחר
18	צורך גופני / רעב / צמא / שובע / תיאבון	תלות: חיים בידי אחר	עולם המתים	ספירה / זהות / אזכור של אדם	דחייה / גועל / מיאוס	חוק / פולחן / טהרה	סכנה לחיים / הצלה / המתה	התאוששות / מנוחה / ויסות	רגש / יחסים / אהבה	אחר
19	רגש / יחסים / אהבה	חוק / פולחן / טהרה	סכנה לחיים / הצלה / המתה	ספירה / זהות / אזכור של אדם	התאוששות / מנוחה / ויסות	תלות: חיים בידי אחר	עולם המתים	דחייה / גועל / מיאוס	צורך גופני / רעב / צמא / שובע / תיאבון	אחר
20	תלות: חיים בידי אחר	סכנה לחיים / הצלה / המתה	דחייה / גועל / מיאוס	צורך גופני / רעב / צמא / שובע / תיאבון	ספירה / זהות / אזכור של אדם	עולם המתים	התאוששות / מנוחה / ויסות	חוק / פולחן / טהרה	רגש / יחסים / אהבה	אחר
21	חוק / פולחן / טהרה	התאוששות / מנוחה / ויסות	עולם המתים	ספירה / זהות / אזכור של אדם	סכנה לחיים / הצלה / המתה	תלות: חיים בידי אחר	רגש / יחסים / אהבה	דחייה / גועל / מיאוס	צורך גופני / רעב / צמא / שובע / תיאבון	אחר
22	התאוששות / מנוחה / ויסות	סכנה לחיים / הצלה / המתה	רגש / יחסים / אהבה	דחייה / גועל / מיאוס	תלות: חיים בידי אחר	צורך גופני / רעב / צמא / שובע / תיאבון	עולם המתים	ספירה / זהות / אזכור של אדם	חוק / פולחן / טהרה	אחר
23	ספירה / זהות / אזכור של אדם	התאוששות / מנוחה / ויסות	עולם המתים	חוק / פולחן / טהרה	צורך גופני / רעב / צמא / שובע / תיאבון	דחייה / גועל / מיאוס	תלות: חיים בידי אחר	רגש / יחסים / אהבה	סכנה לחיים / הצלה / המתה	אחר
24	תלות: חיים בידי אחר	התאוששות / מנוחה / ויסות	צורך גופני / רעב / צמא / שובע / תיאבון	עולם המתים	חוק / פולחן / טהרה	דחייה / גועל / מיאוס	רגש / יחסים / אהבה	ספירה / זהות / אזכור של אדם	סכנה לחיים / הצלה / המתה	אחר
25	עולם המתים	רגש / יחסים / אהבה	צורך גופני / רעב / צמא / שובע / תיאבון	תלות: חיים בידי אחר	דחייה / גועל / מיאוס	סכנה לחיים / הצלה / המתה	חוק / פולחן / טהרה	התאוששות / מנוחה / ויסות	ספירה / זהות / אזכור של אדם	אחר
26	תלות: חיים בידי אחר	סכנה לחיים / הצלה / המתה	עולם המתים	חוק / פולחן / טהרה	התאוששות / מנוחה / ויסות	רגש / יחסים / אהבה	דחייה / גועל / מיאוס	צורך גופני / רעב / צמא / שובע / תיאבון	ספירה / זהות / אזכור של אדם	אחר
27	עולם המתים	צורך גופני / רעב / צמא / שובע / תיאבון	התאוששות / מנוחה / ויסות	דחייה / גועל / מיאוס	סכנה לחיים / הצלה / המתה	ספירה / זהות / אזכור של אדם	רגש / יחסים / אהבה	תלות: חיים בידי אחר	חוק / פולחן / טהרה	אחר
28	התאוששות / מנוחה / ויסות	סכנה לחיים / הצלה / המתה	רגש / יחסים / אהבה	ספירה / זהות / אזכור של אדם	חוק / פולחן / טהרה	צורך גופני / רעב / צמא / שובע / תיאבון	דחייה / גועל / מיאוס	עולם המתים	תלות: חיים בידי אחר	אחר
29	חוק / פולחן / טהרה	התאוששות / מנוחה / ויסות	עולם המתים	רגש / יחסים / אהבה	תלות: חיים בידי אחר	צורך גופני / רעב / צמא / שובע / תיאבון	ספירה / זהות / אזכור של אדם	דחייה / גועל / מיאוס	סכנה לחיים / הצלה / המתה	אחר
30	דחייה / גועל / מיאוס	התאוששות / מנוחה / ויסות	תלות: חיים בידי אחר	ספירה / זהות / אזכור של אדם	צורך גופני / רעב / צמא / שובע / תיאבון	סכנה לחיים / הצלה / המתה	חוק / פולחן / טהרה	עולם המתים	רגש / יחסים / אהבה	אחר
31	חוק / פולחן / טהרה	סכנה לחיים / הצלה / המתה	ספירה / זהות / אזכור של אדם	עולם המתים	תלות: חיים בידי אחר	רגש / יחסים / אהבה	התאוששות / מנוחה / ויסות	דחייה / גועל / מיאוס	צורך גופני / רעב / צמא / שובע / תיאבון	אחר
32	ספירה / זהות / אזכור של אדם	עולם המתים	סכנה לחיים / הצלה / המתה	רגש / יחסים / אהבה	צורך גופני / רעב / צמא / שובע / תיאבון	התאוששות / מנוחה / ויסות	תלות: חיים בידי אחר	חוק / פולחן / טהרה	דחייה / גועל / מיאוס	אחר
33	עולם המתים	ספירה / זהות / אזכור של אדם	חוק / פולחן / טהרה	תלות: חיים בידי אחר	צורך גופני / רעב / צמא / שובע / תיאבון	דחייה / גועל / מיאוס	התאוששות / מנוחה / ויסות	סכנה לחיים / הצלה / המתה	רגש / יחסים / אהבה	אחר
34	דחייה / גועל / מיאוס	ספירה / זהות / אזכור של אדם	צורך גופני / רעב / צמא / שובע / תיאבון	חוק / פולחן / טהרה	עולם המתים	תלות: חיים בידי אחר	התאוששות / מנוחה / ויסות	רגש / יחסים / אהבה	סכנה לחיים / הצלה / המתה	אחר
35	צורך גופני / רעב / צמא / שובע / תיאבון	חוק / פולחן / טהרה	התאוששות / מנוחה / ויסות	עולם המתים	דחייה / גועל / מיאוס	תלות: חיים בידי אחר	ספירה / זהות / אזכור של אדם	רגש / יחסים / אהבה	סכנה לחיים / הצלה / המתה	אחר
36	עולם המתים	דחייה / גועל / מיאוס	תלות: חיים בידי אחר	סכנה לחיים / הצלה / המתה	חוק / פולחן / טהרה	צורך גופני / רעב / צמא / שובע / תיאבון	התאוששות / מנוחה / ויסות	ספירה / זהות / אזכור של אדם	רגש / יחסים / אהבה	אחר
37	עולם המתים	חוק / פולחן / טהרה	דחייה / גועל / מיאוס	התאוששות / מנוחה / ויסות	ספירה / זהות / אזכור של אדם	תלות: חיים בידי אחר	רגש / יחסים / אהבה	צורך גופני / רעב / צמא / שובע / תיאבון	סכנה לחיים / הצלה / המתה	אחר
38	רגש / יחסים / אהבה	דחייה / גועל / מיאוס	התאוששות / מנוחה / ויסות	סכנה לחיים / הצלה / המתה	ספירה / זהות / אזכור של אדם	תלות: חיים בידי אחר	חוק / פולחן / טהרה	עולם המתים	צורך גופני / רעב / צמא / שובע / תיאבון	אחר
39	עולם המתים	סכנה לחיים / הצלה / המתה	תלות: חיים בידי אחר	דחייה / גועל / מיאוס	ספירה / זהות / אזכור של אדם	צורך גופני / רעב / צמא / שובע / תיאבון	רגש / יחסים / אהבה	חוק / פולחן / טהרה	התאוששות / מנוחה / ויסות	אחר
40	חוק / פולחן / טהרה	תלות: חיים בידי אחר	עולם המתים	דחייה / גועל / מיאוס	רגש / יחסים / אהבה	התאוששות / מנוחה / ויסות	ספירה / זהות / אזכור של אדם	צורך גופני / רעב / צמא / שובע / תיאבון	סכנה לחיים / הצלה / המתה	אחר
41	דחייה / גועל / מיאוס	עולם המתים	רגש / יחסים / אהבה	התאוששות / מנוחה / ויסות	חוק / פולחן / טהרה	סכנה לחיים / הצלה / המתה	צורך גופני / רעב / צמא / שובע / תיאבון	תלות: חיים בידי אחר	ספירה / זהות / אזכור של אדם	אחר
42	רגש / יחסים / אהבה	צורך גופני / רעב / צמא / שובע / תיאבון	דחייה / גועל / מיאוס	סכנה לחיים / הצלה / המתה	עולם המתים	תלות: חיים בידי אחר	התאוששות / מנוחה / ויסות	חוק / פולחן / טהרה	ספירה / זהות / אזכור של אדם	אחר
43	עולם המתים	רגש / יחסים / אהבה	סכנה לחיים / הצלה / המתה	תלות: חיים בידי אחר	חוק / פולחן / טהרה	ספירה / זהות / אזכור של אדם	דחייה / גועל / מיאוס	התאוששות / מנוחה / ויסות	צורך גופני / רעב / צמא / שובע / תיאבון	אחר
44	סכנה לחיים / הצלה / המתה	רגש / יחסים / אהבה	צורך גופני / רעב / צמא / שובע / תיאבון	תלות: חיים בידי אחר	עולם המתים	ספירה / זהות / אזכור של אדם	חוק / פולחן / טהרה	התאוששות / מנוחה / ויסות	דחייה / גועל / מיאוס	אחר
45	דחייה / גועל / מיאוס	עולם המתים	תלות: חיים בידי אחר	רגש / יחסים / אהבה	ספירה / זהות / אזכור של אדם	צורך גופני / רעב / צמא / שובע / תיאבון	התאוששות / מנוחה / ויסות	חוק / פולחן / טהרה	סכנה לחיים / הצלה / המתה	אחר
46	צורך גופני / רעב / צמא / שובע / תיאבון	תלות: חיים בידי אחר	סכנה לחיים / הצלה / המתה	התאוששות / מנוחה / ויסות	עולם המתים	רגש / יחסים / אהבה	חוק / פולחן / טהרה	ספירה / זהות / אזכור של אדם	דחייה / גועל / מיאוס	אחר
47	תלות: חיים בידי אחר	חוק / פולחן / טהרה	סכנה לחיים / הצלה / המתה	ספירה / זהות / אזכור של אדם	צורך גופני / רעב / צמא / שובע / תיאבון	רגש / יחסים / אהבה	התאוששות / מנוחה / ויסות	דחייה / גועל / מיאוס	עולם המתים	אחר
48	חוק / פולחן / טהרה	עולם המתים	תלות: חיים בידי אחר	סכנה לחיים / הצלה / המתה	צורך גופני / רעב / צמא / שובע / תיאבון	דחייה / גועל / מיאוס	ספירה / זהות / אזכור של אדם	התאוששות / מנוחה / ויסות	רגש / יחסים / אהבה	אחר
49	צורך גופני / רעב / צמא / שובע / תיאבון	התאוששות / מנוחה / ויסות	ספירה / זהות / אזכור של אדם	רגש / יחסים / אהבה	תלות: חיים בידי אחר	דחייה / גועל / מיאוס	עולם המתים	חוק / פולחן / טהרה	סכנה לחיים / הצלה / המתה	אחר
50	דחייה / גועל / מיאוס	סכנה לחיים / הצלה / המתה	רגש / יחסים / אהבה	עולם המתים	חוק / פולחן / טהרה	ספירה / זהות / אזכור של אדם	צורך גופני / רעב / צמא / שובע / תיאבון	התאוששות / מנוחה / ויסות	תלות: חיים בידי אחר	אחר
51	רגש / יחסים / אהבה	סכנה לחיים / הצלה / המתה	חוק / פולחן / טהרה	תלות: חיים בידי אחר	עולם המתים	צורך גופני / רעב / צמא / שובע / תיאבון	ספירה / זהות / אזכור של אדם	התאוששות / מנוחה / ויסות	דחייה / גועל / מיאוס	אחר
52	התאוששות / מנוחה / ויסות	רגש / יחסים / אהבה	תלות: חיים בידי אחר	צורך גופני / רעב / צמא / שובע / תיאבון	דחייה / גועל / מיאוס	סכנה לחיים / הצלה / המתה	עולם המתים	חוק / פולחן / טהרה	ספירה / זהות / אזכור של אדם	אחר
53	דחייה / גועל / מיאוס	רגש / יחסים / אהבה	צורך גופני / רעב / צמא / שובע / תיאבון	עולם המתים	סכנה לחיים / הצלה / המתה	ספירה / זהות / אזכור של אדם	התאוששות / מנוחה / ויסות	חוק / פולחן / טהרה	תלות: חיים בידי אחר	אחר
54	חוק / פולחן / טהרה	תלות: חיים בידי אחר	ספירה / זהות / אזכור של אדם	צורך גופני / רעב / צמא / שובע / תיאבון	דחייה / גועל / מיאוס	התאוששות / מנוחה / ויסות	רגש / יחסים / אהבה	עולם המתים	סכנה לחיים / הצלה / המתה	אחר
55	חוק / פולחן / טהרה	צורך גופני / רעב / צמא / שובע / תיאבון	סכנה לחיים / הצלה / המתה	התאוששות / מנוחה / ויסות	עולם המתים	רגש / יחסים / אהבה	תלות: חיים בידי אחר	ספירה / זהות / אזכור של אדם	דחייה / גועל / מיאוס	אחר
56	עולם המתים	סכנה לחיים / הצלה / המתה	תלות: חיים בידי אחר	רגש / יחסים / אהבה	ספירה / זהות / אזכור של אדם	דחייה / גועל / מיאוס	התאוששות / מנוחה / ויסות	צורך גופני / רעב / צמא / שובע / תיאבון	חוק / פולחן / טהרה	אחר
57	סכנה לחיים / הצלה / המתה	עולם המתים	חוק / פולחן / טהרה	התאוששות / מנוחה / ויסות	צורך גופני / רעב / צמא / שובע / תיאבון	דחייה / גועל / מיאוס	רגש / יחסים / אהבה	תלות: חיים בידי אחר	ספירה / זהות / אזכור של אדם	אחר
58	חוק / פולחן / טהרה	צורך גופני / רעב / צמא / שובע / תיאבון	תלות: חיים בידי אחר	עולם המתים	התאוששות / מנוחה / ויסות	ספירה / זהות / אזכור של אדם	רגש / יחסים / אהבה	דחייה / גועל / מיאוס	סכנה לחיים / הצלה / המתה	אחר
59	ספירה / זהות / אזכור של אדם	רגש / יחסים / אהבה	דחייה / גועל / מיאוס	תלות: חיים בידי אחר	התאוששות / מנוחה / ויסות	חוק / פולחן / טהרה	עולם המתים	צורך גופני / רעב / צמא / שובע / תיאבון	סכנה לחיים / הצלה / המתה	אחר
60	עולם המתים	דחייה / גועל / מיאוס	ספירה / זהות / אזכור של אדם	סכנה לחיים / הצלה / המתה	רגש / יחסים / אהבה	צורך גופני / רעב / צמא / שובע / תיאבון	תלות: חיים בידי אחר	חוק / פולחן / טהרה	התאוששות / מנוחה / ויסות	אחר
61	חוק / פולחן / טהרה	תלות: חיים בידי אחר	סכנה לחיים / הצלה / המתה	ספירה / זהות / אזכור של אדם	רגש / יחסים / אהבה	צורך גופני / רעב / צמא / שובע / תיאבון	עולם המתים	דחייה / גועל / מיאוס	התאוששות / מנוחה / ויסות	אחר
62	צורך גופני / רעב / צמא / שובע / תיאבון	חוק / פולחן / טהרה	תלות: חיים בידי אחר	סכנה לחיים / הצלה / המתה	התאוששות / מנוחה / ויסות	ספירה / זהות / אזכור של אדם	רגש / יחסים / אהבה	עולם המתים	דחייה / גועל / מיאוס	אחר
63	תלות: חיים בידי אחר	רגש / יחסים / אהבה	חוק / פולחן / טהרה	ספירה / זהות / אזכור של אדם	עולם המתים	סכנה לחיים / הצלה / המתה	התאוששות / מנוחה / ויסות	צורך גופני / רעב / צמא / שובע / תיאבון	דחייה / גועל / מיאוס	אחר
64	תלות: חיים בידי אחר	דחייה / גועל / מיאוס	סכנה לחיים / הצלה / המתה	רגש / יחסים / אהבה	חוק / פולחן / טהרה	התאוששות / מנוחה / ויסות	ספירה / זהות / אזכור של אדם	עולם המתים	צורך גופני / רעב / צמא / שובע / תיאבון	אחר
65	התאוששות / מנוחה / ויסות	תלות: חיים בידי אחר	ספירה / זהות / אזכור של אדם	צורך גופני / רעב / צמא / שובע / תיאבון	דחייה / גועל / מיאוס	סכנה לחיים / הצלה / המתה	חוק / פולחן / טהרה	רגש / יחסים / אהבה	עולם המתים	אחר
